{"rounds": [1, 2, 3], "accuracy": [0.14, 0.21139999999999998, 0.3342], "loss": [2.5526366233825684, 2.4539501667022705, 2.0418856143951416]}